name,description,image_url
Aquaboulevard,"A water park with pools, slides, and a beach area, great for family fun.",Aucune image trouvée pour cette requête.
Arc de Triomphe,Montez au sommet de l'Arc de Triomphe pour une vue panoramique sur Paris.,https://images.unsplash.com/photo-1510433541583-352d0fefcf4e?crop=entropy&cs=tinysrgb&fit=max&fm=jpg&ixid=M3w2NTczMzV8MHwxfHNlYXJjaHwxfHxBcmMlMjBkZSUyMFRyaW9tcGhlfGVufDB8fHx8MTcyNzE5MDIzOHww&ixlib=rb-4.0.3&q=80&w=1080
Batignolles Square,"A small English-style garden in the Batignolles district, perfect for a quiet afternoon.",https://images.unsplash.com/photo-1544098281-073ae35c98b0?crop=entropy&cs=tinysrgb&fit=max&fm=jpg&ixid=M3w2NTczMzV8MHwxfHNlYXJjaHwxfHxCYXRpZ25vbGxlcyUyMFNxdWFyZXxlbnwwfHx8fDE3MjcyMDA4NTR8MA&ixlib=rb-4.0.3&q=80&w=1080
Beaugrenelle Shopping Mall,"A large shopping mall in the 15th arrondissement, perfect for a casual shopping day.",https://images.unsplash.com/photo-1534452203293-494d7ddbf7e0?crop=entropy&cs=tinysrgb&fit=max&fm=jpg&ixid=M3w2NTczMzV8MHwxfHNlYXJjaHwxfHxCZWF1Z3JlbmVsbGUlMjBTaG9wcGluZyUyME1hbGx8ZW58MHx8fHwxNzI3MjAwODU1fDA&ixlib=rb-4.0.3&q=80&w=1080
Belleville Park,"A park with scenic views of Paris, offering quiet spaces and a relaxed atmosphere.",https://images.unsplash.com/photo-1578802036692-81304d32a565?crop=entropy&cs=tinysrgb&fit=max&fm=jpg&ixid=M3w2NTczMzV8MHwxfHNlYXJjaHwxfHxCZWxsZXZpbGxlJTIwUGFya3xlbnwwfHx8fDE3MjcxOTA0MTl8MA&ixlib=rb-4.0.3&q=80&w=1080
Bibliothèque Sainte-Geneviève,"A historic library with an impressive reading room, perfect for literary enthusiasts.",https://images.unsplash.com/photo-1537202108838-e7072bad1927?crop=entropy&cs=tinysrgb&fit=max&fm=jpg&ixid=M3w2NTczMzV8MHwxfHNlYXJjaHwxfHxCaWJsaW90aCVDMyVBOHF1ZSUyMFNhaW50ZS1HZW5ldmklQzMlQTh2ZXxlbnwwfHx8fDE3MjcyMDA4NTh8MA&ixlib=rb-4.0.3&q=80&w=1080
Bois de Boulogne,"Escape the city's hustle and bustle in this sprawling park with lakes, gardens, and trails.",https://images.unsplash.com/photo-1688057806588-9ec9736588ad?crop=entropy&cs=tinysrgb&fit=max&fm=jpg&ixid=M3w2NTczMzV8MHwxfHNlYXJjaHwxfHxCb2lzJTIwZGUlMjBCb3Vsb2duZXxlbnwwfHx8fDE3MjcxOTAzOTF8MA&ixlib=rb-4.0.3&q=80&w=1080
Bois de Vincennes,"A vast green space perfect for cycling, picnics, and leisurely walks.",https://images.unsplash.com/photo-1558209351-15dbd1a978bc?crop=entropy&cs=tinysrgb&fit=max&fm=jpg&ixid=M3w2NTczMzV8MHwxfHNlYXJjaHwxfHxCb2lzJTIwZGUlMjBWaW5jZW5uZXN8ZW58MHx8fHwxNzI3MjAwODYwfDA&ixlib=rb-4.0.3&q=80&w=1080
Bowling Mouffetard,"A small, cozy bowling alley in the Latin Quarter, ideal for a fun evening with friends.",https://images.unsplash.com/photo-1593034758267-b08f7c932435?crop=entropy&cs=tinysrgb&fit=max&fm=jpg&ixid=M3w2NTczMzV8MHwxfHNlYXJjaHwxfHxCb3dsaW5nJTIwTW91ZmZldGFyZHxlbnwwfHx8fDE3MjcyMDA4NjF8MA&ixlib=rb-4.0.3&q=80&w=1080
Butte Bergeyre,"A hidden neighborhood with cobblestone streets, gardens, and a vineyard overlooking Paris.",https://images.unsplash.com/photo-1616079537574-0e1b4d27be4e?crop=entropy&cs=tinysrgb&fit=max&fm=jpg&ixid=M3w2NTczMzV8MHwxfHNlYXJjaHwxfHxCdXR0ZSUyMEJlcmdleXJlfGVufDB8fHx8MTcyNzIwMDg2M3ww&ixlib=rb-4.0.3&q=80&w=1080
Buttes-Chaumont Park,"Relax in one of Paris' largest parks, featuring hills, a lake, and hidden grottos.",https://images.unsplash.com/photo-1686052903991-fedc0903ad4d?crop=entropy&cs=tinysrgb&fit=max&fm=jpg&ixid=M3w2NTczMzV8MHwxfHNlYXJjaHwxfHxCdXR0ZXMtQ2hhdW1vbnQlMjBQYXJrfGVufDB8fHx8MTcyNzE5MDQwMXww&ixlib=rb-4.0.3&q=80&w=1080
Canal Saint-Martin,"Enjoy a leisurely stroll along the Canal Saint-Martin, lined with trendy cafes and shops.",https://images.unsplash.com/photo-1610047698260-e170fa1b1e65?crop=entropy&cs=tinysrgb&fit=max&fm=jpg&ixid=M3w2NTczMzV8MHwxfHNlYXJjaHwxfHxDYW5hbCUyMFNhaW50LU1hcnRpbnxlbnwwfHx8fDE3MjcxOTAzODl8MA&ixlib=rb-4.0.3&q=80&w=1080
Canal de l'Ourcq,"Enjoy a laid-back day by the canal with cafes, picnic spots, and relaxing boat rides.",https://images.unsplash.com/photo-1572539871444-f75875c64366?crop=entropy&cs=tinysrgb&fit=max&fm=jpg&ixid=M3w2NTczMzV8MHwxfHNlYXJjaHwxfHxDYW5hbCUyMGRlJTIwbCUyN091cmNxfGVufDB8fHx8MTcyNzE5MDQxNnww&ixlib=rb-4.0.3&q=80&w=1080
Centre Pompidou,"Explore one of the largest museums of modern art in Europe, known for its unique architecture.",https://images.unsplash.com/photo-1572626313928-e5ee0a169bff?crop=entropy&cs=tinysrgb&fit=max&fm=jpg&ixid=M3w2NTczMzV8MHwxfHNlYXJjaHwxfHxDZW50cmUlMjBQb21waWRvdXxlbnwwfHx8fDE3MjcyMDA4Njd8MA&ixlib=rb-4.0.3&q=80&w=1080
Champs-Élysées,Promenez-vous sur l'avenue des Champs-Élysées et découvrez les boutiques de luxe et cafés.,https://images.unsplash.com/photo-1557456275-5bfe3c02223f?crop=entropy&cs=tinysrgb&fit=max&fm=jpg&ixid=M3w2NTczMzV8MHwxfHNlYXJjaHwxfHxDaGFtcHMtJUMzJTg5bHlzJUMzJUE5ZXN8ZW58MHx8fHwxNzI3MTkwMjM1fDA&ixlib=rb-4.0.3&q=80&w=1080
Cité de l'Architecture et du Patrimoine,"A museum focusing on French architecture and heritage, offering a fascinating journey through time.",https://images.unsplash.com/photo-1629111015773-24321c639530?crop=entropy&cs=tinysrgb&fit=max&fm=jpg&ixid=M3w2NTczMzV8MHwxfHNlYXJjaHwxfHxDaXQlQzMlQTklMjBkZSUyMGwlMjdBcmNoaXRlY3R1cmUlMjBldCUyMGR1JTIwUGF0cmltb2luZXxlbnwwfHx8fDE3MjcyMDA4Njl8MA&ixlib=rb-4.0.3&q=80&w=1080
Coulée Verte René-Dumont,"A peaceful elevated park built on an abandoned railway line, perfect for a quiet walk.",https://images.unsplash.com/photo-1570688384235-e33c15afbe82?crop=entropy&cs=tinysrgb&fit=max&fm=jpg&ixid=M3w2NTczMzV8MHwxfHNlYXJjaHwxfHxDb3VsJUMzJUE5ZSUyMFZlcnRlJTIwUmVuJUMzJUE5LUR1bW9udHxlbnwwfHx8fDE3MjcxOTAzOTZ8MA&ixlib=rb-4.0.3&q=80&w=1080
Disneyland Paris,Experience the magic of Disneyland Paris with thrilling rides and attractions.,https://images.unsplash.com/photo-1638268006222-a3838b24fd0a?crop=entropy&cs=tinysrgb&fit=max&fm=jpg&ixid=M3w2NTczMzV8MHwxfHNlYXJjaHwxfHxEaXNuZXlsYW5kJTIwUGFyaXN8ZW58MHx8fHwxNzI3MTkwMzg3fDA&ixlib=rb-4.0.3&q=80&w=1080
Escape Hunt,"A themed escape room experience for groups, adding a bit of thrill and teamwork.",https://images.unsplash.com/photo-1605844797540-c705624fa599?crop=entropy&cs=tinysrgb&fit=max&fm=jpg&ixid=M3w2NTczMzV8MHwxfHNlYXJjaHwxfHxFc2NhcGUlMjBIdW50fGVufDB8fHx8MTcyNzIwMDg3M3ww&ixlib=rb-4.0.3&q=80&w=1080
Galeries Lafayette Rooftop,Visit the rooftop of Galeries Lafayette for a panoramic view of Paris.,https://images.unsplash.com/photo-1724522626077-4ab1eea5d4b3?crop=entropy&cs=tinysrgb&fit=max&fm=jpg&ixid=M3w2NTczMzV8MHwxfHNlYXJjaHwxfHxHYWxlcmllcyUyMExhZmF5ZXR0ZSUyMFJvb2Z0b3B8ZW58MHx8fHwxNzI3MTkwMzg2fDA&ixlib=rb-4.0.3&q=80&w=1080
Grand Palais,"A magnificent exhibition hall hosting art exhibitions, fashion shows, and cultural events.",https://images.unsplash.com/photo-1567502400956-d7f451b518de?crop=entropy&cs=tinysrgb&fit=max&fm=jpg&ixid=M3w2NTczMzV8MHwxfHNlYXJjaHwxfHxHcmFuZCUyMFBhbGFpc3xlbnwwfHx8fDE3MjcyMDA4NzV8MA&ixlib=rb-4.0.3&q=80&w=1080
Hôpital Saint-Louis Courtyard,"A hidden courtyard in a historic hospital, a quiet spot with beautiful architecture.",https://images.unsplash.com/photo-1517237680353-0276536284ca?crop=entropy&cs=tinysrgb&fit=max&fm=jpg&ixid=M3w2NTczMzV8MHwxfHNlYXJjaHwxfHxIJUMzJUI0cGl0YWwlMjBTYWludC1Mb3VpcyUyMENvdXJ0eWFyZHxlbnwwfHx8fDE3MjcyMDA4NzZ8MA&ixlib=rb-4.0.3&q=80&w=1080
Institut du Monde Arabe,"A cultural hub dedicated to Arab culture, with exhibitions, concerts, and a rooftop view of Paris.",https://images.unsplash.com/photo-1516705346105-1604914311cc?crop=entropy&cs=tinysrgb&fit=max&fm=jpg&ixid=M3w2NTczMzV8MHwxfHNlYXJjaHwxfHxJbnN0aXR1dCUyMGR1JTIwTW9uZGUlMjBBcmFiZXxlbnwwfHx8fDE3MjcyMDA4Nzd8MA&ixlib=rb-4.0.3&q=80&w=1080
Jardin Catherine-Labouré,"A hidden garden behind a convent, offering a serene escape from the busy city.",https://images.unsplash.com/photo-1568883887623-71fe388a7106?crop=entropy&cs=tinysrgb&fit=max&fm=jpg&ixid=M3w2NTczMzV8MHwxfHNlYXJjaHwxfHxKYXJkaW4lMjBDYXRoZXJpbmUtTGFib3VyJUMzJUE5fGVufDB8fHx8MTcyNzIwMDg3OXww&ixlib=rb-4.0.3&q=80&w=1080
Jardin d'Acclimatation,"A family-friendly amusement park with gardens, animals, and plenty of chill spots.",https://images.unsplash.com/photo-1723021211505-6137d51da475?crop=entropy&cs=tinysrgb&fit=max&fm=jpg&ixid=M3w2NTczMzV8MHwxfHNlYXJjaHwxfHxKYXJkaW4lMjBkJTI3QWNjbGltYXRhdGlvbnxlbnwwfHx8fDE3MjcxOTA0MjF8MA&ixlib=rb-4.0.3&q=80&w=1080
Jardin des Plantes,"Wander through the beautiful botanical gardens, a perfect spot for relaxation and picnics.",https://images.unsplash.com/photo-1667214414303-cf69ae0fb76f?crop=entropy&cs=tinysrgb&fit=max&fm=jpg&ixid=M3w2NTczMzV8MHwxfHNlYXJjaHwxfHxKYXJkaW4lMjBkZXMlMjBQbGFudGVzfGVufDB8fHx8MTcyNzE5MDM5NHww&ixlib=rb-4.0.3&q=80&w=1080
Jardin des Serres d'Auteuil,"A botanical garden with stunning greenhouses, showcasing rare plants and flowers.",https://images.unsplash.com/photo-1603582853461-e8fcdd95575d?crop=entropy&cs=tinysrgb&fit=max&fm=jpg&ixid=M3w2NTczMzV8MHwxfHNlYXJjaHwxfHxKYXJkaW4lMjBkZXMlMjBTZXJyZXMlMjBkJTI3QXV0ZXVpbHxlbnwwfHx8fDE3MjcyMDA4ODJ8MA&ixlib=rb-4.0.3&q=80&w=1080
Jardin des Tuileries,"Stroll through the beautiful Tuileries Garden, located between the Louvre and Place de la Concorde.",https://images.unsplash.com/photo-1695583055676-d6cdde56f15c?crop=entropy&cs=tinysrgb&fit=max&fm=jpg&ixid=M3w2NTczMzV8MHwxfHNlYXJjaHwxfHxKYXJkaW4lMjBkZXMlMjBUdWlsZXJpZXN8ZW58MHx8fHwxNzI3MTkwMzc3fDA&ixlib=rb-4.0.3&q=80&w=1080
Jardin du Palais Royal,"A hidden garden surrounded by arcades, perfect for a quiet stroll away from the crowds.",https://images.unsplash.com/photo-1570667113707-e1df4c42251d?crop=entropy&cs=tinysrgb&fit=max&fm=jpg&ixid=M3w2NTczMzV8MHwxfHNlYXJjaHwxfHxKYXJkaW4lMjBkdSUyMFBhbGFpcyUyMFJveWFsfGVufDB8fHx8MTcyNzIwMDg4NHww&ixlib=rb-4.0.3&q=80&w=1080
La Campagne à Paris,Stroll through this hidden neighborhood that feels like a countryside escape in the city.,https://images.unsplash.com/photo-1471623320832-752e8bbf8413?crop=entropy&cs=tinysrgb&fit=max&fm=jpg&ixid=M3w2NTczMzV8MHwxfHNlYXJjaHwxfHxMYSUyMENhbXBhZ25lJTIwJUMzJUEwJTIwUGFyaXN8ZW58MHx8fHwxNzI3MTkwNDE4fDA&ixlib=rb-4.0.3&q=80&w=1080
La Pagode,"A historic cinema set in an exotic building, showing art-house films in an intimate setting.",https://images.unsplash.com/photo-1583133010801-0b9802ae9c17?crop=entropy&cs=tinysrgb&fit=max&fm=jpg&ixid=M3w2NTczMzV8MHwxfHNlYXJjaHwxfHxMYSUyMFBhZ29kZXxlbnwwfHx8fDE3MjcyMDA4ODd8MA&ixlib=rb-4.0.3&q=80&w=1080
La Petite Ceinture,"Explore the abandoned railway line, now a hidden urban jungle within the city.",https://images.unsplash.com/photo-1556905200-bd982f883637?crop=entropy&cs=tinysrgb&fit=max&fm=jpg&ixid=M3w2NTczMzV8MHwxfHNlYXJjaHwxfHxMYSUyMFBldGl0ZSUyMENlaW50dXJlfGVufDB8fHx8MTcyNzIwMDg4OHww&ixlib=rb-4.0.3&q=80&w=1080
La Philharmonie de Paris,Attend a classical music concert in this state-of-the-art venue designed by architect Jean Nouvel.,https://images.unsplash.com/photo-1471623320832-752e8bbf8413?crop=entropy&cs=tinysrgb&fit=max&fm=jpg&ixid=M3w2NTczMzV8MHwxfHNlYXJjaHwxfHxMYSUyMFBoaWxoYXJtb25pZSUyMGRlJTIwUGFyaXN8ZW58MHx8fHwxNzI3MjAwODg5fDA&ixlib=rb-4.0.3&q=80&w=1080
La Recyclerie,"A unique spot that combines a café, garden, and upcycling workshops for a chill vibe.",https://images.unsplash.com/photo-1533652891997-cd472863d206?crop=entropy&cs=tinysrgb&fit=max&fm=jpg&ixid=M3w2NTczMzV8MHwxfHNlYXJjaHwxfHxMYSUyMFJlY3ljbGVyaWV8ZW58MHx8fHwxNzI3MTkwNDAyfDA&ixlib=rb-4.0.3&q=80&w=1080
Les Grands Voisins,"A vibrant community space with art installations, cafes, shops, and cultural activities.",https://images.unsplash.com/photo-1589814976518-788be08b9767?crop=entropy&cs=tinysrgb&fit=max&fm=jpg&ixid=M3w2NTczMzV8MHwxfHNlYXJjaHwxfHxMZXMlMjBHcmFuZHMlMjBWb2lzaW5zfGVufDB8fHx8MTcyNzIwMDg5Mnww&ixlib=rb-4.0.3&q=80&w=1080
Les Halles Forum,"A busy underground shopping center in the heart of Paris, offering a mix of stores and eateries.",https://images.unsplash.com/photo-1557097217-bcffc79d6cb9?crop=entropy&cs=tinysrgb&fit=max&fm=jpg&ixid=M3w2NTczMzV8MHwxfHNlYXJjaHwxfHxMZXMlMjBIYWxsZXMlMjBGb3J1bXxlbnwwfHx8fDE3MjcyMDA4OTN8MA&ixlib=rb-4.0.3&q=80&w=1080
Louvre Museum,Explorez l'un des plus grands musées du monde avec des œuvres d'art célèbres comme la Mona Lisa.,https://images.unsplash.com/photo-1500039436846-25ae2f11882e?crop=entropy&cs=tinysrgb&fit=max&fm=jpg&ixid=M3w2NTczMzV8MHwxfHNlYXJjaHwxfHxMb3V2cmUlMjBNdXNldW18ZW58MHx8fHwxNzI3MTkwMjI5fDA&ixlib=rb-4.0.3&q=80&w=1080
Luxembourg Gardens,"Relax in the Luxembourg Gardens, a peaceful oasis in the heart of Paris.",https://images.unsplash.com/photo-1564679473880-5e132b38cf09?crop=entropy&cs=tinysrgb&fit=max&fm=jpg&ixid=M3w2NTczMzV8MHwxfHNlYXJjaHwxfHxMdXhlbWJvdXJnJTIwR2FyZGVuc3xlbnwwfHx8fDE3MjcxOTAzODN8MA&ixlib=rb-4.0.3&q=80&w=1080
Maison Européenne de la Photographie,"A museum dedicated to contemporary photography, hosting regular exhibitions and cultural events.",https://images.unsplash.com/photo-1598065412434-6544dc76f81f?crop=entropy&cs=tinysrgb&fit=max&fm=jpg&ixid=M3w2NTczMzV8MHwxfHNlYXJjaHwxfHxNYWlzb24lMjBFdXJvcCVDMyVBOWVubmUlMjBkZSUyMGxhJTIwUGhvdG9ncmFwaGllfGVufDB8fHx8MTcyNzIwMDg5Nnww&ixlib=rb-4.0.3&q=80&w=1080
Maison Rouge,A contemporary art museum hosting rotating exhibitions in a striking red-brick building.,https://images.unsplash.com/photo-1701621403367-da852bbbc0c0?crop=entropy&cs=tinysrgb&fit=max&fm=jpg&ixid=M3w2NTczMzV8MHwxfHNlYXJjaHwxfHxNYWlzb24lMjBSb3VnZXxlbnwwfHx8fDE3MjcyMDA4OTh8MA&ixlib=rb-4.0.3&q=80&w=1080
Maison de Balzac,"Visit the former residence of writer Honoré de Balzac, now a museum showcasing his life and work.",https://images.unsplash.com/photo-1600527588483-ece2a2197ab7?crop=entropy&cs=tinysrgb&fit=max&fm=jpg&ixid=M3w2NTczMzV8MHwxfHNlYXJjaHwxfHxNYWlzb24lMjBkZSUyMEJhbHphY3xlbnwwfHx8fDE3MjcyMDA4OTl8MA&ixlib=rb-4.0.3&q=80&w=1080
Maison de Victor Hugo,"Explore the former residence of Victor Hugo, now a museum dedicated to his life and works.",https://images.unsplash.com/photo-1598065412434-6544dc76f81f?crop=entropy&cs=tinysrgb&fit=max&fm=jpg&ixid=M3w2NTczMzV8MHwxfHNlYXJjaHwxfHxNYWlzb24lMjBkZSUyMFZpY3RvciUyMEh1Z298ZW58MHx8fHwxNzI3MjAwOTAwfDA&ixlib=rb-4.0.3&q=80&w=1080
Marché aux Puces de Saint-Ouen,"Explore one of the largest flea markets in the world, offering vintage treasures and antiques.",https://images.unsplash.com/photo-1598065412434-6544dc76f81f?crop=entropy&cs=tinysrgb&fit=max&fm=jpg&ixid=M3w2NTczMzV8MHwxfHNlYXJjaHwxfHxNYXJjaCVDMyVBOSUyMGF1eCUyMFB1Y2VzJTIwZGUlMjBTYWludC1PdWVufGVufDB8fHx8MTcyNzIwMDkwMnww&ixlib=rb-4.0.3&q=80&w=1080
Marché des Enfants Rouges,"Explore Paris' oldest covered market, offering a variety of food stalls in a cozy setting.",https://images.unsplash.com/photo-1683020368642-b13704a2a462?crop=entropy&cs=tinysrgb&fit=max&fm=jpg&ixid=M3w2NTczMzV8MHwxfHNlYXJjaHwxfHxNYXJjaCVDMyVBOSUyMGRlcyUyMEVuZmFudHMlMjBSb3VnZXN8ZW58MHx8fHwxNzI3MTkwNDA2fDA&ixlib=rb-4.0.3&q=80&w=1080
Montmartre Walking Tour,Explorez le quartier artistique de Montmartre avec ses rues pavées et son ambiance bohème.,https://images.unsplash.com/photo-1628589549925-3bb8e0632be5?crop=entropy&cs=tinysrgb&fit=max&fm=jpg&ixid=M3w2NTczMzV8MHwxfHNlYXJjaHwxfHxNb250bWFydHJlJTIwV2Fsa2luZyUyMFRvdXJ8ZW58MHx8fHwxNzI3MTkwMjMzfDA&ixlib=rb-4.0.3&q=80&w=1080
Moulin Rouge Show,Assistez à un spectacle de cabaret au légendaire Moulin Rouge.,https://images.unsplash.com/photo-1523532509102-e5a73b881d8e?crop=entropy&cs=tinysrgb&fit=max&fm=jpg&ixid=M3w2NTczMzV8MHwxfHNlYXJjaHwxfHxNb3VsaW4lMjBSb3VnZSUyMFNob3d8ZW58MHx8fHwxNzI3MjAwOTA1fDA&ixlib=rb-4.0.3&q=80&w=1080
Musée Bourdelle,"Discover the works of sculptor Antoine Bourdelle in his former studio, now a museum with a garden.",https://images.unsplash.com/photo-1666468687723-eaa328a27e72?crop=entropy&cs=tinysrgb&fit=max&fm=jpg&ixid=M3w2NTczMzV8MHwxfHNlYXJjaHwxfHxNdXMlQzMlQTllJTIwQm91cmRlbGxlfGVufDB8fHx8MTcyNzIwMDkwN3ww&ixlib=rb-4.0.3&q=80&w=1080
Musée Carnavalet,"A museum dedicated to the history of Paris, with exhibitions that span centuries.",https://images.unsplash.com/photo-1673192548093-7bd7844c29d0?crop=entropy&cs=tinysrgb&fit=max&fm=jpg&ixid=M3w2NTczMzV8MHwxfHNlYXJjaHwxfHxNdXMlQzMlQTllJTIwQ2FybmF2YWxldHxlbnwwfHx8fDE3MjcyMDA5MDh8MA&ixlib=rb-4.0.3&q=80&w=1080
Musée Guimet,"A museum dedicated to Asian art, featuring a vast collection of sculptures, paintings, and artifacts.",https://images.unsplash.com/photo-1665760671029-d1cbd5b8c90a?crop=entropy&cs=tinysrgb&fit=max&fm=jpg&ixid=M3w2NTczMzV8MHwxfHNlYXJjaHwxfHxNdXMlQzMlQTllJTIwR3VpbWV0fGVufDB8fHx8MTcyNzIwMDkwOXww&ixlib=rb-4.0.3&q=80&w=1080
Musée Jacquemart-André,A stunning museum featuring a collection of classical art and period furniture in a 19th-century mansion.,https://images.unsplash.com/photo-1668512624315-5da320435a44?crop=entropy&cs=tinysrgb&fit=max&fm=jpg&ixid=M3w2NTczMzV8MHwxfHNlYXJjaHwxfHxNdXMlQzMlQTllJTIwSmFjcXVlbWFydC1BbmRyJUMzJUE5fGVufDB8fHx8MTcyNzIwMDkxMXww&ixlib=rb-4.0.3&q=80&w=1080
Musée Marmottan Monet,"A museum housing the world's largest collection of Claude Monet's works, including 'Impression, Sunrise.'",https://images.unsplash.com/photo-1666468687723-eaa328a27e72?crop=entropy&cs=tinysrgb&fit=max&fm=jpg&ixid=M3w2NTczMzV8MHwxfHNlYXJjaHwxfHxNdXMlQzMlQTllJTIwTWFybW90dGFuJTIwTW9uZXR8ZW58MHx8fHwxNzI3MjAwOTEyfDA&ixlib=rb-4.0.3&q=80&w=1080
Musée Nissim de Camondo,"Explore this luxurious mansion turned museum, showcasing French decorative arts from the 18th century.",https://images.unsplash.com/photo-1636142747667-345c583d09a5?crop=entropy&cs=tinysrgb&fit=max&fm=jpg&ixid=M3w2NTczMzV8MHwxfHNlYXJjaHwxfHxNdXMlQzMlQTllJTIwTmlzc2ltJTIwZGUlMjBDYW1vbmRvfGVufDB8fHx8MTcyNzIwMDkxM3ww&ixlib=rb-4.0.3&q=80&w=1080
Musée Picasso,"Housed in a stunning hôtel particulier, this museum is dedicated to the works of Pablo Picasso.",https://images.unsplash.com/photo-1560706834-97a5cdf62110?crop=entropy&cs=tinysrgb&fit=max&fm=jpg&ixid=M3w2NTczMzV8MHwxfHNlYXJjaHwxfHxNdXMlQzMlQTllJTIwUGljYXNzb3xlbnwwfHx8fDE3MjcyMDA5MTV8MA&ixlib=rb-4.0.3&q=80&w=1080
Musée Rodin,Discover the world of sculptor Auguste Rodin in this beautiful museum and garden.,https://images.unsplash.com/photo-1681854732406-30d197b297b9?crop=entropy&cs=tinysrgb&fit=max&fm=jpg&ixid=M3w2NTczMzV8MHwxfHNlYXJjaHwxfHxNdXMlQzMlQTllJTIwUm9kaW58ZW58MHx8fHwxNzI3MjAwOTE2fDA&ixlib=rb-4.0.3&q=80&w=1080
Musée Zadkine,"A small museum and garden dedicated to the works of sculptor Ossip Zadkine, hidden in Montparnasse.",https://images.unsplash.com/photo-1666468687723-eaa328a27e72?crop=entropy&cs=tinysrgb&fit=max&fm=jpg&ixid=M3w2NTczMzV8MHwxfHNlYXJjaHwxfHxNdXMlQzMlQTllJTIwWmFka2luZXxlbnwwfHx8fDE3MjcyMDA5MTh8MA&ixlib=rb-4.0.3&q=80&w=1080
Musée d'Orsay,Découvrez la plus grande collection au monde d'œuvres impressionnistes et post-impressionnistes.,https://images.unsplash.com/photo-1632127257703-0cf673d29050?crop=entropy&cs=tinysrgb&fit=max&fm=jpg&ixid=M3w2NTczMzV8MHwxfHNlYXJjaHwxfHxNdXMlQzMlQTllJTIwZCUyN09yc2F5fGVufDB8fHx8MTcyNzE5MDM2NXww&ixlib=rb-4.0.3&q=80&w=1080
Musée de Cluny,"A museum of medieval history and art, featuring stunning tapestries and architectural relics.",https://images.unsplash.com/photo-1598065412434-6544dc76f81f?crop=entropy&cs=tinysrgb&fit=max&fm=jpg&ixid=M3w2NTczMzV8MHwxfHNlYXJjaHwxfHxNdXMlQzMlQTllJTIwZGUlMjBDbHVueXxlbnwwfHx8fDE3MjcyMDA5MjF8MA&ixlib=rb-4.0.3&q=80&w=1080
Musée de Montmartre,"A museum that captures the bohemian history of Montmartre, set in an artists' residence.",https://images.unsplash.com/photo-1628589549925-3bb8e0632be5?crop=entropy&cs=tinysrgb&fit=max&fm=jpg&ixid=M3w2NTczMzV8MHwxfHNlYXJjaHwxfHxNdXMlQzMlQTllJTIwZGUlMjBNb250bWFydHJlfGVufDB8fHx8MTcyNzIwMDkyMnww&ixlib=rb-4.0.3&q=80&w=1080
Musée de l'Orangerie,"A must-visit for art lovers, showcasing Monet's Water Lilies in a serene setting.",https://images.unsplash.com/photo-1551124190-343f48f285fa?crop=entropy&cs=tinysrgb&fit=max&fm=jpg&ixid=M3w2NTczMzV8MHwxfHNlYXJjaHwxfHxNdXMlQzMlQTllJTIwZGUlMjBsJTI3T3JhbmdlcmllfGVufDB8fHx8MTcyNzIwMDkyNHww&ixlib=rb-4.0.3&q=80&w=1080
Musée de la Chasse et de la Nature,"An eclectic museum dedicated to hunting and nature, offering a unique experience.",https://images.unsplash.com/photo-1472396961693-142e6e269027?crop=entropy&cs=tinysrgb&fit=max&fm=jpg&ixid=M3w2NTczMzV8MHwxfHNlYXJjaHwxfHxNdXMlQzMlQTllJTIwZGUlMjBsYSUyMENoYXNzZSUyMGV0JTIwZGUlMjBsYSUyME5hdHVyZXxlbnwwfHx8fDE3MjcyMDA5MjZ8MA&ixlib=rb-4.0.3&q=80&w=1080
Musée de la Vie Romantique,"A museum dedicated to the Romantic era, set in a charming house with a garden and café.",https://images.unsplash.com/photo-1598065412434-6544dc76f81f?crop=entropy&cs=tinysrgb&fit=max&fm=jpg&ixid=M3w2NTczMzV8MHwxfHNlYXJjaHwxfHxNdXMlQzMlQTllJTIwZGUlMjBsYSUyMFZpZSUyMFJvbWFudGlxdWV8ZW58MHx8fHwxNzI3MjAwOTI3fDA&ixlib=rb-4.0.3&q=80&w=1080
Musée du Quai Branly,"A museum dedicated to the art and culture of Africa, Asia, Oceania, and the Americas.",https://images.unsplash.com/photo-1666468687723-eaa328a27e72?crop=entropy&cs=tinysrgb&fit=max&fm=jpg&ixid=M3w2NTczMzV8MHwxfHNlYXJjaHwxfHxNdXMlQzMlQTllJTIwZHUlMjBRdWFpJTIwQnJhbmx5fGVufDB8fHx8MTcyNzIwMDkyOHww&ixlib=rb-4.0.3&q=80&w=1080
Notre-Dame Cathedral,Découvrez l'architecture gothique de la cathédrale Notre-Dame de Paris.,https://images.unsplash.com/photo-1565457211452-16f8e7062a0a?crop=entropy&cs=tinysrgb&fit=max&fm=jpg&ixid=M3w2NTczMzV8MHwxfHNlYXJjaHwxfHxOb3RyZS1EYW1lJTIwQ2F0aGVkcmFsfGVufDB8fHx8MTcyNzE5MDIzMnww&ixlib=rb-4.0.3&q=80&w=1080
Opéra Bastille,"Attend an opera or ballet performance in this modern theater, known for its impressive architecture.",https://images.unsplash.com/photo-1636554613531-89ffb1592ec3?crop=entropy&cs=tinysrgb&fit=max&fm=jpg&ixid=M3w2NTczMzV8MHwxfHNlYXJjaHwxfHxPcCVDMyVBOXJhJTIwQmFzdGlsbGV8ZW58MHx8fHwxNzI3MjAwOTMxfDA&ixlib=rb-4.0.3&q=80&w=1080
Opéra Garnier Tour,"Take a guided tour of the lavishly decorated Palais Garnier, a symbol of Parisian opulence.",https://images.unsplash.com/photo-1599049354107-fac4c52f3ace?crop=entropy&cs=tinysrgb&fit=max&fm=jpg&ixid=M3w2NTczMzV8MHwxfHNlYXJjaHwxfHxPcCVDMyVBOXJhJTIwR2FybmllciUyMFRvdXJ8ZW58MHx8fHwxNzI3MTkwMzc1fDA&ixlib=rb-4.0.3&q=80&w=1080
Palace of Versailles,"Visitez l'opulent château de Versailles, ancienne résidence des rois de France.",https://images.unsplash.com/photo-1624301466553-cb1721edab2a?crop=entropy&cs=tinysrgb&fit=max&fm=jpg&ixid=M3w2NTczMzV8MHwxfHNlYXJjaHwxfHxQYWxhY2UlMjBvZiUyMFZlcnNhaWxsZXN8ZW58MHx8fHwxNzI3MTkwMjM2fDA&ixlib=rb-4.0.3&q=80&w=1080
Palais Garnier,"Visit the grand opera house, an architectural masterpiece and cultural icon in Paris.",https://images.unsplash.com/photo-1630587148265-761cbd139043?crop=entropy&cs=tinysrgb&fit=max&fm=jpg&ixid=M3w2NTczMzV8MHwxfHNlYXJjaHwxfHxQYWxhaXMlMjBHYXJuaWVyfGVufDB8fHx8MTcyNzIwMDkzNHww&ixlib=rb-4.0.3&q=80&w=1080
Palais de Tokyo,"A contemporary art center showcasing cutting-edge exhibitions in a vast, modern space.",https://images.unsplash.com/photo-1680293465970-6f07b44e7806?crop=entropy&cs=tinysrgb&fit=max&fm=jpg&ixid=M3w2NTczMzV8MHwxfHNlYXJjaHwxfHxQYWxhaXMlMjBkZSUyMFRva3lvfGVufDB8fHx8MTcyNzIwMDkzNXww&ixlib=rb-4.0.3&q=80&w=1080
Panthéon,"A mausoleum containing the remains of distinguished French citizens, with a fascinating history.",https://images.unsplash.com/photo-1623750318031-1a721a9f6124?crop=entropy&cs=tinysrgb&fit=max&fm=jpg&ixid=M3w2NTczMzV8MHwxfHNlYXJjaHwxfHxQYW50aCVDMyVBOW9ufGVufDB8fHx8MTcyNzIwMDkzNnww&ixlib=rb-4.0.3&q=80&w=1080
Parc André Citroën,"A modern park with expansive lawns, fountains, and a tethered hot air balloon ride.",https://images.unsplash.com/photo-1709217070724-583b08f3524e?crop=entropy&cs=tinysrgb&fit=max&fm=jpg&ixid=M3w2NTczMzV8MHwxfHNlYXJjaHwxfHxQYXJjJTIwQW5kciVDMyVBOSUyMENpdHJvJUMzJUFCbnxlbnwwfHx8fDE3MjcyMDA5Mzh8MA&ixlib=rb-4.0.3&q=80&w=1080
Parc Georges-Brassens,A peaceful park in the 15th arrondissement with a vineyard and a book market on weekends.,https://images.unsplash.com/photo-1602745724567-e665476f2519?crop=entropy&cs=tinysrgb&fit=max&fm=jpg&ixid=M3w2NTczMzV8MHwxfHNlYXJjaHwxfHxQYXJjJTIwR2Vvcmdlcy1CcmFzc2Vuc3xlbnwwfHx8fDE3MjcyMDA5Mzl8MA&ixlib=rb-4.0.3&q=80&w=1080
Parc Monceau,"A serene park with beautiful statues, a pond, and plenty of spots to relax.",https://images.unsplash.com/photo-1636142350095-947181bdff8d?crop=entropy&cs=tinysrgb&fit=max&fm=jpg&ixid=M3w2NTczMzV8MHwxfHNlYXJjaHwxfHxQYXJjJTIwTW9uY2VhdXxlbnwwfHx8fDE3MjcxOTA0MTB8MA&ixlib=rb-4.0.3&q=80&w=1080
Parc de Belleville,"A lesser-known park with beautiful views of the city, quiet and perfect for a relaxed afternoon.",https://images.unsplash.com/photo-1598065412434-6544dc76f81f?crop=entropy&cs=tinysrgb&fit=max&fm=jpg&ixid=M3w2NTczMzV8MHwxfHNlYXJjaHwxfHxQYXJjJTIwZGUlMjBCZWxsZXZpbGxlfGVufDB8fHx8MTcyNzIwMDk0MXww&ixlib=rb-4.0.3&q=80&w=1080
Parc de Bercy,"A beautiful park with gardens, ponds, and greenhouses, ideal for a tranquil day out.",https://images.unsplash.com/photo-1683314679240-90f06daf64a4?crop=entropy&cs=tinysrgb&fit=max&fm=jpg&ixid=M3w2NTczMzV8MHwxfHNlYXJjaHwxfHxQYXJjJTIwZGUlMjBCZXJjeXxlbnwwfHx8fDE3MjcyMDA5NDN8MA&ixlib=rb-4.0.3&q=80&w=1080
Parc de la Butte-du-Chapeau-Rouge,"A quiet, lesser-known park offering panoramic views of the city and beautiful lawns.",Une erreur s'est produite lors de la requête : 403 Client Error: Forbidden for url: https://api.unsplash.com/search/photos?query=Parc+de+la+Butte-du-Chapeau-Rouge&per_page=1&client_id=6GqmEGAUVEdj8sp6Z7_Qv1AwMSjI5xnE-uh-vOyapq0
Parc de la Villette,Relax in this sprawling park that combines green spaces with cultural venues.,https://images.unsplash.com/photo-1723546715010-36aef153139e?crop=entropy&cs=tinysrgb&fit=max&fm=jpg&ixid=M3w2NTczMzV8MHwxfHNlYXJjaHwxfHxQYXJjJTIwZGUlMjBsYSUyMFZpbGxldHRlfGVufDB8fHx8MTcyNzE5MDQwOHww&ixlib=rb-4.0.3&q=80&w=1080
Paris Catacombs,"Explorez les ossuaires souterrains de Paris, une expérience unique et fascinante.",https://images.unsplash.com/photo-1608214316492-bfdc317b1a06?crop=entropy&cs=tinysrgb&fit=max&fm=jpg&ixid=M3w2NTczMzV8MHwxfHNlYXJjaHwxfHxQYXJpcyUyMENhdGFjb21ic3xlbnwwfHx8fDE3MjcxOTAzNjJ8MA&ixlib=rb-4.0.3&q=80&w=1080
Paris Kart Indoor,An indoor go-kart track for adrenaline-seekers looking for some action in Paris.,Une erreur s'est produite lors de la requête : 403 Client Error: Forbidden for url: https://api.unsplash.com/search/photos?query=Paris+Kart+Indoor&per_page=1&client_id=6GqmEGAUVEdj8sp6Z7_Qv1AwMSjI5xnE-uh-vOyapq0
Passage Brady,"A narrow passage filled with Indian and Pakistani restaurants and shops, a taste of Asia in Paris.",Une erreur s'est produite lors de la requête : 403 Client Error: Forbidden for url: https://api.unsplash.com/search/photos?query=Passage+Brady&per_page=1&client_id=6GqmEGAUVEdj8sp6Z7_Qv1AwMSjI5xnE-uh-vOyapq0
Petit Palais,Explore fine arts collections in this beautiful building that also offers free exhibitions.,Une erreur s'est produite lors de la requête : 403 Client Error: Forbidden for url: https://api.unsplash.com/search/photos?query=Petit+Palais&per_page=1&client_id=6GqmEGAUVEdj8sp6Z7_Qv1AwMSjI5xnE-uh-vOyapq0
Place des Vosges,"The oldest planned square in Paris, a tranquil place to unwind and people-watch.",https://images.unsplash.com/photo-1710691018646-b02ad0761da3?crop=entropy&cs=tinysrgb&fit=max&fm=jpg&ixid=M3w2NTczMzV8MHwxfHNlYXJjaHwxfHxQbGFjZSUyMGRlcyUyMFZvc2dlc3xlbnwwfHx8fDE3MjcxOTA0MTN8MA&ixlib=rb-4.0.3&q=80&w=1080
Place du Marché Saint-Honoré,"A modern square with a glass building, surrounded by cafes and shops.",Une erreur s'est produite lors de la requête : 403 Client Error: Forbidden for url: https://api.unsplash.com/search/photos?query=Place+du+March%C3%A9+Saint-Honor%C3%A9&per_page=1&client_id=6GqmEGAUVEdj8sp6Z7_Qv1AwMSjI5xnE-uh-vOyapq0
Pont Alexandre III,Admire the ornate architecture of the most beautiful bridge in Paris.,https://images.unsplash.com/photo-1690759432345-8008b47df90d?crop=entropy&cs=tinysrgb&fit=max&fm=jpg&ixid=M3w2NTczMzV8MHwxfHNlYXJjaHwxfHxQb250JTIwQWxleGFuZHJlJTIwSUlJfGVufDB8fHx8MTcyNzE5MDM4Mnww&ixlib=rb-4.0.3&q=80&w=1080
Promenade Dora Maar,"A peaceful walkway with modern art installations, far from the city's hustle.",Une erreur s'est produite lors de la requête : 403 Client Error: Forbidden for url: https://api.unsplash.com/search/photos?query=Promenade+Dora+Maar&per_page=1&client_id=6GqmEGAUVEdj8sp6Z7_Qv1AwMSjI5xnE-uh-vOyapq0
Promenade Plantée,"A beautiful, elevated park built on an old railway line, ideal for a quiet stroll.",https://images.unsplash.com/photo-1570688384235-e33c15afbe82?crop=entropy&cs=tinysrgb&fit=max&fm=jpg&ixid=M3w2NTczMzV8MHwxfHNlYXJjaHwxfHxQcm9tZW5hZGUlMjBQbGFudCVDMyVBOWV8ZW58MHx8fHwxNzI3MTkwNDEyfDA&ixlib=rb-4.0.3&q=80&w=1080
Promenade des Plantes,A scenic walk through the elevated green space that offers a quiet escape from the city.,Une erreur s'est produite lors de la requête : 403 Client Error: Forbidden for url: https://api.unsplash.com/search/photos?query=Promenade+des+Plantes&per_page=1&client_id=6GqmEGAUVEdj8sp6Z7_Qv1AwMSjI5xnE-uh-vOyapq0
Pétanque at Place Dauphine,"Play a game of pétanque at the historic Place Dauphine, a relaxed and local pastime.",Une erreur s'est produite lors de la requête : 403 Client Error: Forbidden for url: https://api.unsplash.com/search/photos?query=P%C3%A9tanque+at+Place+Dauphine&per_page=1&client_id=6GqmEGAUVEdj8sp6Z7_Qv1AwMSjI5xnE-uh-vOyapq0
Quai de Jemmapes,"A peaceful quay along the Canal Saint-Martin, popular with locals for picnics and walks.",Une erreur s'est produite lors de la requête : 403 Client Error: Forbidden for url: https://api.unsplash.com/search/photos?query=Quai+de+Jemmapes&per_page=1&client_id=6GqmEGAUVEdj8sp6Z7_Qv1AwMSjI5xnE-uh-vOyapq0
Rue Crémieux,"Stroll along this picturesque, colorful street that's perfect for a relaxing photo session.",Une erreur s'est produite lors de la requête : 403 Client Error: Forbidden for url: https://api.unsplash.com/search/photos?query=Rue+Cr%C3%A9mieux&per_page=1&client_id=6GqmEGAUVEdj8sp6Z7_Qv1AwMSjI5xnE-uh-vOyapq0
Rue Mouffetard Market,"A local market with fresh produce, perfect for those seeking an authentic Parisian experience.",Une erreur s'est produite lors de la requête : 403 Client Error: Forbidden for url: https://api.unsplash.com/search/photos?query=Rue+Mouffetard+Market&per_page=1&client_id=6GqmEGAUVEdj8sp6Z7_Qv1AwMSjI5xnE-uh-vOyapq0
Sacré-Cœur Basilica,"Visitez la basilique emblématique de Montmartre, offrant une vue imprenable sur Paris.",https://images.unsplash.com/photo-1548092876-a2c48808e22d?crop=entropy&cs=tinysrgb&fit=max&fm=jpg&ixid=M3w2NTczMzV8MHwxfHNlYXJjaHwxfHxTYWNyJUMzJUE5LUMlQzUlOTN1ciUyMEJhc2lsaWNhfGVufDB8fHx8MTcyNzE5MDM2OHww&ixlib=rb-4.0.3&q=80&w=1080
Sainte-Chapelle,"Admirez les magnifiques vitraux de la Sainte-Chapelle, un joyau de l'architecture gothique.",https://images.unsplash.com/photo-1704967137129-1b8093075e9e?crop=entropy&cs=tinysrgb&fit=max&fm=jpg&ixid=M3w2NTczMzV8MHwxfHNlYXJjaHwxfHxTYWludGUtQ2hhcGVsbGV8ZW58MHx8fHwxNzI3MTkwMjQwfDA&ixlib=rb-4.0.3&q=80&w=1080
Seine River Cruise,Profitez d'une croisière relaxante sur la Seine et admirez les monuments emblématiques de Paris.,https://images.unsplash.com/photo-1567187155374-cd9135b1f247?crop=entropy&cs=tinysrgb&fit=max&fm=jpg&ixid=M3w2NTczMzV8MHwxfHNlYXJjaHwxfHxTZWluZSUyMFJpdmVyJTIwQ3J1aXNlfGVufDB8fHx8MTcyNzE5MDIzMHww&ixlib=rb-4.0.3&q=80&w=1080
Square René Viviani,"A small, quiet park near Notre-Dame with the oldest tree in Paris.",square_rene_viviani.png
Square des Batignolles,"A quaint English-style garden with a pond, ducks, and peaceful corners.",square_des_batignolles.png
Square des Peupliers,A peaceful residential square with charming houses and a village-like feel.,square_des_peupliers.png
Square du Temple,A peaceful park in the Marais with a small pond and beautiful gardens.,square_du_temple.png
Square du Vert-Galant,"A peaceful green space at the tip of Île de la Cité, perfect for a riverside picnic.",https://images.unsplash.com/photo-1544098281-073ae35c98b0?crop=entropy&cs=tinysrgb&fit=max&fm=jpg&ixid=M3w2NTczMzV8MHwxfHNlYXJjaHwxfHxTcXVhcmUlMjBkdSUyMFZlcnQtR2FsYW50fGVufDB8fHx8MTcyNzE5MDQwNXww&ixlib=rb-4.0.3&q=80&w=1080
Théâtre des Champs-Élysées,Attend a concert or opera in one of Paris' most prestigious and culturally rich venues.,theatre_des_champs_elysees.png
Théâtre du Châtelet,"Attend a performance in this historic theater, known for its varied cultural programming.",theatre_du_chatelet.png
Tour Eiffel,Visitez l'emblématique Tour Eiffel et profitez d'une vue imprenable sur Paris.,https://images.unsplash.com/photo-1558909540-384e29812f54?crop=entropy&cs=tinysrgb&fit=max&fm=jpg&ixid=M3w2NTczMzV8MHwxfHNlYXJjaHwxfHxUb3VyJTIwRWlmZmVsfGVufDB8fHx8MTcyNzE4OTU3M3ww&ixlib=rb-4.0.3&q=80&w=1080
Versailles Gardens,"Explore the stunning gardens of the Palace of Versailles, a masterpiece of French formal gardens.",https://images.unsplash.com/photo-1710566156843-915479c4c654?crop=entropy&cs=tinysrgb&fit=max&fm=jpg&ixid=M3w2NTczMzV8MHwxfHNlYXJjaHwxfHxWZXJzYWlsbGVzJTIwR2FyZGVuc3xlbnwwfHx8fDE3MjcxOTAzODB8MA&ixlib=rb-4.0.3&q=80&w=1080
Viaduc des Arts,"A charming arcade under the Promenade Plantée, filled with artisan workshops and boutiques.",viaduc_des_arts.png
Villa Léandre,"A charming, quiet street in Montmartre that feels like a small English village.",villa_leandre.png
Île Saint-Louis,Stroll around this charming island in the Seine with quaint shops and a relaxed atmosphere.,https://images.unsplash.com/photo-1639155246408-728d55d29cae?crop=entropy&cs=tinysrgb&fit=max&fm=jpg&ixid=M3w2NTczMzV8MHwxfHNlYXJjaHwxfHwlQzMlOEVsZSUyMFNhaW50LUxvdWlzfGVufDB8fHx8MTcyNzE5MDM5OHww&ixlib=rb-4.0.3&q=80&w=1080
Visiter les Catacombes de Paris,,
Se perdre dans la Petite Ceinture,,
Détente au Jardin des Serres d'Auteuil,,
Participer à une soirée de catch à la Lucha Libre,,
Chasse au trésor au Père-Lachaise,,
Explorer les égouts de Paris,,
Randonner à Buttes-Chaumont,,
Pique-niquer au Parc de Belleville,,
Visite guidée street art à Belleville,,
Faire du kayak sur le canal Saint-Martin,,
Dormir dans une péniche,,
Visiter les Arènes de Lutèce,,
Découvrir l'Atelier des Lumières,,
Déguster un brunch en haut du Mama Shelter,,
Randonner au bois de Vincennes,,
Survoler Paris en Montgolfière,,
Visiter le Musée des Égouts,,
Assister à un concert dans une chapelle secrète,,
Grimper à l’Observatoire Panoramique de la Tour Montparnasse,,
Balade en Canoë sur le Canal Saint-Martin,,
Participer à une chasse au trésor dans Montmartre,,
Explorer le bunker de la Gare de l'Est,,
Déguster des insectes à la Cité des Sciences,,
Découvrir les jardins secrets de Paris lors d'une balade botanique,,
Faire de l'escalade urbaine à la Défense,,
Faire un escape game dans les catacombes,,
Participer à une soirée déguisée au Musée des Arts Forains,,
Explorer les souterrains secrets de la Butte-aux-Cailles,,
Participer à un atelier de fabrication de parfums sur une péniche,,
Découvrir le street art en trottinette électrique à Belleville,,
Parcours d'accrobranche au Bois de Vincennes,,
Découverte des galeries souterraines de la Défense,,
Chasse au trésor dans le quartier du Marais,,
Initiation à la marche nordique dans le Parc des Buttes-Chaumont,,
Visiter les Catacombes de Paris,,
Se perdre dans la Petite Ceinture,,
Détente au Jardin des Serres d'Auteuil,,
Participer à une soirée de catch à la Lucha Libre,,
Chasse au trésor au Père-Lachaise,,
Explorer les égouts de Paris,,
Randonner à Buttes-Chaumont,,
Pique-niquer au Parc de Belleville,,
Visite guidée street art à Belleville,,
Faire du kayak sur le canal Saint-Martin,,
Dormir dans une péniche,,
Visiter les Arènes de Lutèce,,
Découvrir l'Atelier des Lumières,,
Déguster un brunch en haut du Mama Shelter,,
Randonner au bois de Vincennes,,
Survoler Paris en Montgolfière,,
Visiter le Musée des Égouts,,
Assister à un concert dans une chapelle secrète,,
Grimper à l’Observatoire Panoramique de la Tour Montparnasse,,
Balade en Canoë sur le Canal Saint-Martin,,
Participer à une chasse au trésor dans Montmartre,,
Explorer le bunker de la Gare de l'Est,,
Déguster des insectes à la Cité des Sciences,,
Découvrir les jardins secrets de Paris lors d'une balade botanique,,
Faire de l'escalade urbaine à la Défense,,
Faire un escape game dans les catacombes,,
Participer à une soirée déguisée au Musée des Arts Forains,,
Explorer les souterrains secrets de la Butte-aux-Cailles,,
Participer à un atelier de fabrication de parfums sur une péniche,,
Découvrir le street art en trottinette électrique à Belleville,,
Parcours d'accrobranche au Bois de Vincennes,,
Découverte des galeries souterraines de la Défense,,
Chasse au trésor dans le quartier du Marais,,
Initiation à la marche nordique dans le Parc des Buttes-Chaumont,,
